x,y
400.12,0.3570
400.38,0.3571
400.64,0.3572
400.90,0.3569
401.16,0.3567
401.42,0.3565
401.68,0.3566
401.93,0.3567
402.19,0.3563
402.44,0.3565
402.70,0.3567
402.96,0.3565
403.22,0.3565
403.48,0.3568
403.73,0.3575
403.99,0.3573
404.26,0.3573
404.51,0.3570
404.77,0.3575
405.02,0.3575
405.28,0.3576
405.54,0.3577
405.79,0.3570
406.05,0.3569
406.30,0.3574
406.55,0.3572
406.80,0.3568
407.06,0.3565
407.31,0.3567
407.57,0.3567
407.82,0.3562
408.08,0.3560
408.34,0.3559
408.60,0.3561
408.86,0.3559
409.12,0.3560
409.38,0.3560
409.63,0.3558
409.89,0.3561
410.14,0.3565
410.40,0.3559
410.65,0.3562
410.90,0.3563
411.16,0.3565
411.41,0.3569
411.66,0.3570
411.91,0.3567
412.17,0.3571
412.43,0.3572
412.68,0.3568
412.94,0.3564
413.19,0.3564
413.45,0.3564
413.70,0.3573
413.95,0.3567
414.21,0.3564
414.46,0.3565
414.71,0.3566
414.96,0.3566
415.21,0.3570
415.45,0.3573
415.70,0.3574
415.96,0.3573
416.22,0.3575
416.47,0.3585
416.73,0.3590
416.98,0.3589
417.24,0.3591
417.50,0.3596
417.76,0.3600
418.01,0.3603
418.27,0.3607
418.53,0.3612
418.79,0.3619
419.05,0.3620
419.31,0.3625
419.57,0.3628
419.82,0.3635
420.08,0.3634
420.34,0.3633
420.60,0.3639
420.86,0.3648
421.12,0.3642
421.37,0.3648
421.63,0.3648
421.90,0.3640
422.16,0.3645
422.41,0.3649
422.67,0.3648
422.92,0.3652
423.17,0.3646
423.43,0.3648
423.68,0.3648
423.93,0.3645
424.18,0.3645
424.43,0.3644
424.68,0.3644
424.93,0.3639
425.19,0.3638
425.44,0.3634
425.69,0.3637
425.95,0.3639
426.20,0.3635
426.46,0.3636
426.71,0.3637
426.97,0.3632
427.23,0.3632
427.48,0.3634
427.73,0.3631
427.98,0.3632
428.24,0.3632
428.49,0.3632
428.74,0.3630
428.99,0.3632
429.24,0.3630
429.50,0.3637
429.75,0.3633
430.01,0.3636
430.27,0.3641
430.52,0.3639
430.78,0.3639
431.04,0.3642
431.31,0.3644
431.57,0.3641
431.82,0.3649
432.08,0.3642
432.34,0.3646
432.59,0.3650
432.85,0.3654
433.10,0.3653
433.35,0.3653
433.60,0.3655
433.85,0.3654
434.10,0.3656
434.35,0.3655
434.60,0.3655
434.85,0.3658
435.10,0.3655
435.35,0.3660
435.60,0.3664
435.85,0.3665
436.10,0.3668
436.35,0.3667
436.60,0.3673
436.85,0.3671
437.09,0.3673
437.34,0.3675
437.59,0.3680
437.84,0.3680
438.09,0.3682
438.34,0.3687
438.59,0.3689
438.84,0.3688
439.10,0.3697
439.35,0.3699
439.60,0.3698
439.86,0.3706
440.11,0.3708
440.36,0.3709
440.61,0.3710
440.87,0.3718
441.12,0.3715
441.37,0.3718
441.62,0.3724
441.87,0.3729
442.12,0.3730
442.38,0.3729
442.64,0.3728
442.89,0.3733
443.15,0.3729
443.41,0.3732
443.66,0.3735
443.92,0.3731
444.18,0.3733
444.43,0.3739
444.69,0.3735
444.94,0.3744
445.19,0.3745
445.44,0.3745
445.69,0.3747
445.95,0.3749
446.20,0.3756
446.45,0.3758
446.71,0.3770
446.97,0.3764
447.22,0.3771
447.48,0.3775
447.74,0.3780
448.00,0.3782
448.26,0.3787
448.52,0.3787
448.78,0.3790
449.03,0.3790
449.29,0.3792
449.55,0.3796
449.80,0.3798
450.06,0.3792
450.31,0.3796
450.56,0.3793
450.82,0.3796
451.07,0.3795
451.33,0.3801
451.59,0.3801
451.85,0.3798
452.11,0.3800
452.37,0.3794
452.63,0.3798
452.89,0.3800
453.14,0.3800
453.40,0.3795
453.65,0.3795
453.91,0.3800
454.16,0.3796
454.40,0.3796
454.66,0.3793
454.91,0.3794
455.17,0.3790
455.43,0.3795
455.67,0.3797
455.93,0.3801
456.19,0.3805
456.44,0.3807
456.70,0.3809
456.96,0.3810
457.21,0.3813
457.46,0.3818
457.72,0.3823
457.98,0.3820
458.23,0.3824
458.48,0.3821
458.74,0.3826
458.99,0.3828
459.25,0.3828
459.50,0.3830
459.76,0.3832
460.01,0.3828
460.27,0.3829
460.53,0.3830
460.79,0.3836
461.04,0.3829
461.30,0.3831
461.55,0.3835
461.80,0.3832
462.05,0.3829
462.30,0.3826
462.55,0.3822
462.79,0.3821
463.04,0.3824
463.29,0.3822
463.54,0.3821
463.79,0.3816
464.04,0.3814
464.29,0.3812
464.54,0.3807
464.79,0.3804
465.04,0.3801
465.30,0.3799
465.55,0.3791
465.79,0.3787
466.04,0.3784
466.28,0.3782
466.52,0.3778
466.77,0.3775
467.01,0.3774
467.26,0.3773
467.50,0.3771
467.75,0.3773
468.00,0.3775
468.24,0.3774
468.50,0.3775
468.74,0.3774
469.00,0.3777
469.25,0.3778
469.50,0.3781
469.75,0.3777
470.00,0.3783
470.26,0.3786
470.51,0.3784
470.76,0.3789
471.02,0.3788
471.26,0.3791
471.52,0.3792
471.78,0.3795
472.03,0.3793
472.28,0.3799
472.53,0.3796
472.78,0.3796
473.04,0.3804
473.29,0.3803
473.54,0.3806
473.79,0.3805
474.04,0.3810
474.28,0.3811
474.53,0.3815
474.77,0.3816
475.01,0.3821
475.26,0.3822
475.50,0.3826
475.75,0.3830
476.00,0.3835
476.25,0.3836
476.50,0.3840
476.75,0.3845
477.00,0.3853
477.26,0.3854
477.51,0.3856
477.76,0.3856
478.02,0.3858
478.27,0.3861
478.52,0.3872
478.77,0.3872
479.02,0.3873
479.27,0.3869
479.51,0.3871
479.77,0.3872
480.02,0.3883
480.28,0.3880
480.53,0.3884
480.79,0.3888
481.05,0.3888
481.31,0.3889
481.57,0.3897
481.83,0.3899
482.09,0.3901
482.34,0.3905
482.59,0.3904
482.84,0.3906
483.09,0.3910
483.34,0.3911
483.59,0.3911
483.84,0.3918
484.09,0.3921
484.35,0.3923
484.60,0.3923
484.86,0.3923
485.11,0.3927
485.37,0.3930
485.63,0.3931
485.88,0.3931
486.14,0.3933
486.39,0.3930
486.64,0.3939
486.90,0.3940
487.15,0.3945
487.40,0.3943
487.65,0.3945
487.90,0.3951
488.16,0.3946
488.42,0.3946
488.67,0.3952
488.93,0.3952
489.18,0.3955
489.44,0.3957
489.70,0.3960
489.96,0.3964
490.22,0.3966
490.47,0.3975
490.73,0.3976
490.99,0.3981
491.24,0.3985
491.50,0.3990
491.75,0.3992
492.01,0.3999
492.27,0.4002
492.53,0.4001
492.79,0.4003
493.05,0.4003
493.32,0.4011
493.58,0.4009
493.84,0.4012
494.10,0.4011
494.36,0.4009
494.62,0.4011
494.88,0.4004
495.13,0.4003
495.39,0.4006
495.64,0.4010
495.89,0.4007
496.14,0.4005
496.39,0.4001
496.65,0.3997
496.90,0.3988
497.15,0.3985
497.39,0.3978
497.65,0.3978
497.90,0.3969
498.15,0.3963
498.40,0.3960
498.65,0.3960
498.89,0.3951
499.14,0.3951
499.38,0.3948
499.62,0.3939
499.87,0.3935
500.11,0.3935
500.36,0.3934
500.60,0.3928
500.84,0.3931
501.09,0.3928
501.33,0.3925
501.58,0.3929
501.84,0.3929
502.09,0.3924
502.34,0.3922
502.59,0.3926
502.83,0.3926
503.08,0.3926
503.33,0.3928
503.58,0.3934
503.83,0.3935
504.07,0.3932
504.33,0.3932
504.58,0.3938
504.83,0.3942
505.08,0.3942
505.33,0.3948
505.59,0.3949
505.84,0.3952
506.09,0.3956
506.35,0.3963
506.60,0.3965
506.84,0.3966
507.09,0.3970
507.34,0.3977
507.59,0.3979
507.84,0.3984
508.09,0.3987
508.35,0.3988
508.60,0.3993
508.86,0.3997
509.12,0.3999
509.37,0.4003
509.63,0.4002
509.89,0.4006
510.14,0.4013
510.39,0.4018
510.65,0.4015
510.90,0.4013
511.14,0.4018
511.39,0.4016
511.64,0.4013
511.89,0.4012
512.14,0.4012
512.39,0.4015
512.64,0.4009
512.90,0.4007
513.15,0.4011
513.40,0.4006
513.66,0.4002
513.91,0.4002
514.17,0.3999
514.42,0.4001
514.67,0.3999
514.91,0.4001
515.16,0.4004
515.41,0.3994
515.65,0.3992
515.90,0.4003
516.15,0.4002
516.40,0.3998
516.65,0.4001
516.90,0.3997
517.16,0.4004
517.41,0.4004
517.66,0.4003
517.92,0.4003
518.17,0.4006
518.42,0.4001
518.67,0.4004
518.92,0.4006
519.16,0.4006
519.41,0.4007
519.65,0.4007
519.89,0.4005
520.14,0.4008
520.39,0.4008
520.64,0.4006
520.89,0.4003
521.14,0.4005
521.40,0.4002
521.66,0.4005
521.91,0.4003
522.17,0.4004
522.42,0.4005
522.67,0.4003
522.92,0.4004
523.17,0.4006
523.42,0.4010
523.66,0.4009
523.90,0.4012
524.15,0.4011
524.39,0.4017
524.64,0.4017
524.88,0.4017
525.13,0.4019
525.39,0.4016
525.64,0.4019
525.89,0.4019
526.14,0.4020
526.39,0.4021
526.64,0.4019
526.89,0.4021
527.15,0.4025
527.39,0.4025
527.64,0.4023
527.89,0.4029
528.14,0.4032
528.39,0.4038
528.64,0.4034
528.89,0.4036
529.14,0.4034
529.39,0.4034
529.64,0.4029
529.89,0.4033
530.13,0.4031
530.38,0.4028
530.62,0.4025
530.87,0.4025
531.11,0.4016
531.35,0.4015
531.60,0.4016
531.84,0.4010
532.09,0.4009
532.34,0.4006
532.59,0.4006
532.84,0.4004
533.09,0.4003
533.33,0.4005
533.57,0.4003
533.82,0.4004
534.07,0.4003
534.31,0.4000
534.56,0.4002
534.81,0.4003
535.05,0.4005
535.30,0.4005
535.54,0.4002
535.79,0.4003
536.04,0.4006
536.29,0.4007
536.54,0.4007
536.80,0.4007
537.05,0.4007
537.30,0.4011
537.55,0.4016
537.80,0.4010
538.05,0.4013
538.30,0.4017
538.54,0.4024
538.78,0.4016
539.02,0.4017
539.26,0.4019
539.50,0.4014
539.74,0.4023
539.98,0.4016
540.22,0.4018
540.47,0.4014
540.72,0.4014
540.96,0.4018
541.22,0.4015
541.47,0.4020
541.72,0.4021
541.97,0.4022
542.22,0.4026
542.47,0.4024
542.72,0.4022
542.96,0.4030
543.20,0.4024
543.44,0.4022
543.69,0.4023
543.93,0.4024
544.18,0.4021
544.42,0.4023
544.67,0.4021
544.92,0.4020
545.17,0.4024
545.42,0.4023
545.66,0.4019
545.91,0.4019
546.16,0.4021
546.41,0.4022
546.65,0.4019
546.90,0.4025
547.14,0.4024
547.39,0.4029
547.63,0.4033
547.88,0.4032
548.13,0.4030
548.37,0.4030
548.62,0.4036
548.86,0.4038
549.11,0.4039
549.36,0.4038
549.61,0.4040
549.86,0.4046
550.10,0.4050
550.35,0.4057
550.60,0.4059
550.85,0.4061
551.09,0.4070
551.34,0.4073
551.59,0.4078
551.84,0.4079
552.09,0.4087
552.35,0.4092
552.60,0.4095
552.85,0.4094
553.11,0.4099
553.36,0.4104
553.62,0.4102
553.86,0.4106
554.11,0.4108
554.35,0.4106
554.60,0.4108
554.85,0.4106
555.09,0.4101
555.33,0.4103
555.58,0.4100
555.82,0.4097
556.07,0.4095
556.32,0.4089
556.57,0.4085
556.81,0.4083
557.06,0.4083
557.31,0.4082
557.56,0.4077
557.80,0.4084
558.05,0.4076
558.29,0.4076
558.54,0.4078
558.78,0.4076
559.03,0.4075
559.27,0.4076
559.52,0.4077
559.77,0.4078
560.02,0.4078
560.26,0.4078
560.51,0.4074
560.75,0.4073
561.00,0.4076
561.25,0.4072
561.48,0.4062
561.72,0.4062
561.96,0.4057
562.20,0.4055
562.44,0.4048
562.68,0.4047
562.92,0.4043
563.16,0.4037
563.40,0.4029
563.64,0.4035
563.89,0.4032
564.13,0.4028
564.38,0.4022
564.62,0.4023
564.87,0.4024
565.12,0.4015
565.36,0.4013
565.60,0.4015
565.84,0.4011
566.08,0.4007
566.32,0.4009
566.56,0.4007
566.80,0.4007
567.04,0.4006
567.29,0.4004
567.54,0.4008
567.78,0.4012
568.03,0.4019
568.28,0.4026
568.53,0.4033
568.78,0.4034
569.03,0.4038
569.28,0.4049
569.52,0.4054
569.77,0.4051
570.01,0.4057
570.25,0.4053
570.50,0.4049
570.73,0.4052
570.98,0.4054
571.23,0.4057
571.47,0.4052
571.71,0.4050
571.96,0.4060
572.20,0.4059
572.45,0.4060
572.70,0.4059
572.95,0.4060
573.19,0.4069
573.44,0.4067
573.68,0.4067
573.92,0.4070
574.17,0.4074
574.40,0.4074
574.64,0.4078
574.89,0.4081
575.13,0.4079
575.38,0.4084
575.62,0.4087
575.87,0.4086
576.12,0.4092
576.36,0.4092
576.61,0.4098
576.86,0.4098
577.10,0.4097
577.34,0.4100
577.58,0.4108
577.82,0.4107
578.06,0.4113
578.30,0.4113
578.54,0.4118
578.79,0.4119
579.03,0.4119
579.28,0.4121
579.53,0.4122
579.77,0.4124
580.02,0.4128
580.27,0.4128
580.52,0.4126
580.77,0.4131
581.02,0.4134
581.26,0.4138
581.50,0.4143
581.75,0.4143
582.00,0.4141
582.24,0.4144
582.50,0.4145
582.75,0.4151
583.00,0.4156
583.25,0.4158
583.50,0.4157
583.76,0.4159
584.01,0.4163
584.27,0.4170
584.51,0.4167
584.76,0.4166
585.01,0.4172
585.25,0.4169
585.50,0.4176
585.75,0.4173
586.00,0.4179
586.25,0.4177
586.51,0.4182
586.77,0.4180
587.03,0.4182
587.28,0.4187
587.54,0.4182
587.79,0.4187
588.05,0.4187
588.29,0.4189
588.54,0.4188
588.79,0.4190
589.03,0.4188
589.27,0.4189
589.52,0.4193
589.77,0.4186
590.02,0.4191
590.27,0.4186
590.52,0.4184
590.77,0.4184
591.01,0.4184
591.27,0.4179
591.51,0.4180
591.76,0.4184
592.01,0.4178
592.25,0.4180
592.49,0.4176
592.73,0.4179
592.98,0.4180
593.23,0.4181
593.48,0.4187
593.73,0.4187
593.98,0.4183
594.24,0.4190
594.49,0.4188
594.75,0.4190
595.00,0.4191
595.25,0.4203
595.51,0.4205
595.76,0.4208
596.01,0.4209
596.26,0.4209
596.51,0.4199
596.76,0.4205
597.01,0.4202
597.26,0.4206
597.51,0.4202
597.77,0.4198
598.02,0.4197
598.28,0.4209
598.53,0.4206
598.79,0.4202
599.05,0.4206
599.31,0.4206
599.57,0.4209
599.82,0.4212
600.07,0.4214
600.32,0.4214
600.57,0.4214
600.82,0.4218
601.06,0.4220
601.31,0.4217
601.56,0.4219
601.81,0.4215
602.07,0.4216
602.32,0.4218
602.57,0.4221
602.83,0.4218
603.09,0.4218
603.34,0.4219
603.59,0.4222
603.85,0.4226
604.09,0.4223
604.34,0.4223
604.59,0.4227
604.84,0.4224
605.10,0.4225
605.35,0.4218
605.60,0.4219
605.85,0.4221
606.11,0.4220
606.36,0.4218
606.62,0.4218
606.88,0.4213
607.13,0.4218
607.38,0.4215
607.63,0.4210
607.88,0.4213
608.13,0.4212
608.38,0.4215
608.62,0.4217
608.87,0.4225
609.12,0.4219
609.38,0.4224
609.63,0.4222
609.88,0.4227
610.14,0.4231
610.41,0.4225
610.67,0.4232
610.93,0.4233
611.19,0.4235
611.44,0.4234
611.69,0.4234
611.93,0.4233
612.18,0.4239
612.42,0.4238
612.67,0.4235
612.92,0.4231
613.17,0.4229
613.42,0.4229
613.67,0.4228
613.93,0.4228
614.19,0.4222
614.45,0.4223
614.70,0.4219
614.96,0.4224
615.21,0.4219
615.46,0.4218
615.71,0.4218
615.95,0.4220
616.20,0.4212
616.46,0.4214
616.71,0.4213
616.96,0.4213
617.21,0.4218
617.47,0.4215
617.72,0.4211
617.97,0.4208
618.23,0.4210
618.48,0.4210
618.73,0.4214
618.98,0.4212
619.23,0.4213
619.48,0.4216
619.72,0.4212
619.97,0.4213
620.23,0.4212
620.48,0.4214
620.74,0.4220
621.00,0.4228
621.26,0.4225
621.52,0.4227
621.78,0.4228
622.04,0.4232
622.30,0.4231
622.55,0.4227
622.80,0.4221
623.04,0.4225
623.29,0.4224
623.53,0.4214
623.78,0.4218
624.03,0.4215
624.27,0.4215
624.52,0.4218
624.77,0.4218
625.02,0.4218
625.27,0.4219
625.52,0.4221
625.77,0.4224
626.02,0.4230
626.26,0.4228
626.51,0.4230
626.75,0.4237
627.00,0.4236
627.24,0.4239
627.49,0.4237
627.73,0.4238
627.98,0.4233
628.22,0.4234
628.47,0.4235
628.71,0.4230
628.96,0.4235
629.21,0.4230
629.46,0.4227
629.70,0.4225
629.95,0.4220
630.20,0.4217
630.44,0.4212
630.69,0.4211
630.93,0.4214
631.19,0.4212
631.44,0.4214
631.68,0.4209
631.93,0.4209
632.18,0.4212
632.42,0.4206
632.67,0.4204
632.92,0.4202
633.17,0.4200
633.42,0.4202
633.66,0.4209
633.91,0.4202
634.15,0.4200
634.39,0.4197
634.63,0.4206
634.87,0.4204
635.12,0.4205
635.37,0.4208
635.62,0.4211
635.87,0.4207
636.12,0.4210
636.37,0.4210
636.62,0.4209
636.88,0.4211
637.13,0.4215
637.38,0.4216
637.63,0.4221
637.87,0.4227
638.12,0.4231
638.37,0.4234
638.62,0.4238
638.87,0.4241
639.12,0.4247
639.37,0.4252
639.62,0.4259
639.87,0.4259
640.13,0.4258
640.38,0.4257
640.64,0.4258
640.89,0.4257
641.13,0.4258
641.38,0.4254
641.62,0.4252
641.86,0.4251
642.11,0.4242
642.35,0.4239
642.60,0.4235
642.84,0.4231
643.08,0.4225
643.33,0.4225
643.58,0.4219
643.83,0.4216
644.08,0.4216
644.33,0.4214
644.57,0.4211
644.82,0.4203
645.06,0.4199
645.30,0.4195
645.54,0.4196
645.77,0.4188
646.01,0.4191
646.25,0.4186
646.50,0.4182
646.75,0.4178
646.99,0.4178
647.24,0.4178
647.49,0.4176
647.75,0.4181
648.01,0.4180
648.25,0.4182
648.50,0.4182
648.74,0.4180
648.99,0.4182
649.23,0.4182
649.47,0.4181
649.72,0.4186
649.96,0.4188
650.20,0.4192
650.45,0.4188
650.70,0.4186
650.95,0.4191
651.20,0.4186
651.45,0.4189
651.70,0.4190
651.94,0.4196
652.19,0.4193
652.43,0.4195
652.67,0.4193
652.92,0.4196
653.16,0.4200
653.40,0.4204
653.65,0.4199
653.90,0.4208
654.14,0.4210
654.39,0.4208
654.64,0.4212
654.89,0.4217
655.15,0.4218
655.40,0.4223
655.65,0.4221
655.90,0.4220
656.14,0.4219
656.39,0.4223
656.64,0.4219
656.88,0.4219
657.14,0.4218
657.39,0.4221
657.64,0.4222
657.89,0.4218
658.14,0.4221
658.40,0.4226
658.66,0.4228
658.91,0.4227
659.16,0.4230
659.41,0.4231
659.66,0.4233
659.91,0.4231
660.16,0.4236
660.41,0.4235
660.66,0.4239
660.91,0.4239
661.16,0.4237
661.41,0.4241
661.67,0.4245
661.92,0.4245
662.17,0.4245
662.42,0.4240
662.68,0.4240
662.93,0.4239
663.17,0.4230
663.42,0.4230
663.66,0.4232
663.90,0.4227
664.14,0.4223
664.39,0.4229
664.64,0.4230
664.89,0.4230
665.14,0.4235
665.40,0.4235
665.65,0.4233
665.90,0.4233
666.16,0.4238
666.42,0.4238
666.67,0.4237
666.92,0.4238
667.16,0.4239
667.41,0.4244
667.66,0.4244
667.91,0.4243
668.16,0.4243
668.41,0.4249
668.67,0.4250
668.92,0.4251
669.18,0.4251
669.43,0.4250
669.68,0.4252
669.94,0.4251
670.19,0.4257
670.44,0.4255
670.69,0.4253
670.94,0.4258
671.18,0.4256
671.42,0.4257
671.67,0.4250
671.92,0.4252
672.17,0.4254
672.42,0.4252
672.68,0.4257
672.93,0.4255
673.18,0.4257
673.44,0.4259
673.69,0.4257
673.95,0.4260
674.20,0.4258
674.45,0.4258
674.69,0.4259
674.93,0.4258
675.17,0.4256
675.41,0.4256
675.66,0.4254
675.91,0.4255
676.15,0.4256
676.40,0.4253
676.65,0.4252
676.90,0.4254
677.16,0.4258
677.41,0.4256
677.66,0.4253
677.91,0.4254
678.16,0.4256
678.41,0.4254
678.65,0.4258
678.90,0.4264
679.15,0.4263
679.41,0.4264
679.66,0.4272
679.91,0.4273
680.17,0.4275
680.42,0.4277
680.67,0.4274
680.92,0.4276
681.18,0.4273
681.43,0.4275
681.67,0.4277
681.92,0.4284
682.17,0.4285
682.41,0.4287
682.66,0.4290
682.92,0.4288
683.17,0.4291
683.43,0.4299
683.68,0.4298
683.93,0.4295
684.18,0.4296
684.44,0.4295
684.69,0.4291
684.94,0.4288
685.18,0.4290
685.43,0.4284
685.67,0.4281
685.91,0.4279
686.15,0.4274
686.40,0.4274
686.64,0.4270
686.89,0.4268
687.14,0.4270
687.39,0.4272
687.64,0.4271
687.89,0.4270
688.14,0.4270
688.39,0.4264
688.64,0.4272
688.88,0.4268
689.13,0.4266
689.37,0.4265
689.61,0.4260
689.85,0.4255
690.10,0.4256
690.35,0.4253
690.60,0.4254
690.84,0.4247
691.09,0.4248
691.34,0.4247
691.59,0.4245
691.84,0.4240
692.10,0.4239
692.34,0.4239
692.58,0.4237
692.83,0.4235
693.07,0.4232
693.31,0.4236
693.56,0.4231
693.81,0.4233
694.06,0.4234
694.31,0.4235
694.56,0.4229
694.81,0.4233
695.06,0.4235
695.31,0.4234
695.56,0.4233
695.81,0.4230
696.05,0.4230
696.29,0.4230
696.53,0.4229
696.76,0.4234
697.00,0.4233
697.24,0.4233
697.48,0.4229
697.72,0.4228
697.97,0.4227
698.22,0.4225
698.47,0.4227
698.72,0.4232
698.97,0.4231
699.23,0.4237
699.48,0.4229
699.73,0.4225
699.98,0.4229
700.23,0.4230
700.48,0.4232
700.72,0.4231
700.97,0.4236
701.22,0.4236
701.47,0.4235
701.73,0.4237
701.98,0.4239
702.23,0.4239
702.48,0.4243
702.73,0.4250
702.99,0.4254
703.23,0.4252
703.48,0.4254
703.72,0.4265
703.97,0.4266
704.21,0.4271
704.46,0.4269
704.71,0.4273
704.96,0.4271
705.21,0.4274
705.46,0.4276
705.71,0.4275
705.96,0.4280
706.21,0.4285
706.46,0.4289
706.71,0.4288
706.95,0.4286
707.20,0.4286
707.44,0.4288
707.69,0.4288
707.93,0.4287
708.17,0.4281
708.42,0.4287
708.67,0.4289
708.92,0.4289
709.16,0.4286
709.41,0.4280
709.66,0.4280
709.91,0.4277
710.16,0.4282
710.40,0.4280
710.65,0.4281
710.90,0.4281
711.14,0.4284
711.39,0.4287
711.63,0.4287
711.88,0.4286
712.13,0.4292
712.38,0.4291
712.63,0.4290
712.88,0.4298
713.13,0.4300
713.38,0.4300
713.63,0.4303
713.88,0.4302
714.13,0.4304
714.37,0.4300
714.62,0.4299
714.86,0.4294
715.10,0.4293
715.34,0.4292
715.59,0.4295
715.83,0.4294
716.08,0.4293
716.32,0.4293
716.57,0.4292
716.82,0.4293
717.06,0.4291
717.32,0.4294
717.56,0.4291
717.80,0.4286
718.05,0.4289
718.28,0.4291
718.52,0.4289
718.77,0.4294
719.01,0.4299
719.26,0.4304
719.51,0.4308
719.76,0.4308
720.02,0.4309
720.27,0.4314
720.53,0.4318
720.78,0.4327
721.04,0.4330
721.29,0.4335
721.53,0.4330
721.78,0.4332
722.03,0.4334
722.27,0.4336
722.51,0.4337
722.75,0.4337
723.00,0.4344
723.24,0.4348
723.49,0.4348
723.74,0.4355
723.98,0.4362
724.22,0.4361
724.47,0.4365
724.72,0.4367
724.96,0.4365
725.20,0.4371
725.44,0.4371
725.68,0.4380
725.91,0.4387
726.16,0.4396
726.40,0.4401
726.65,0.4404
726.89,0.4410
727.14,0.4413
727.39,0.4420
727.64,0.4418
727.89,0.4425
728.14,0.4437
728.38,0.4441
728.62,0.4445
728.87,0.4448
729.11,0.4457
729.35,0.4463
729.59,0.4467
729.83,0.4472
730.08,0.4476
730.33,0.4485
730.58,0.4486
730.83,0.4502
731.08,0.4506
731.33,0.4514
731.58,0.4528
731.84,0.4536
732.09,0.4538
732.34,0.4543
732.59,0.4549
732.84,0.4556
733.08,0.4566
733.34,0.4580
733.59,0.4588
733.84,0.4595
734.10,0.4602
734.35,0.4611
734.61,0.4621
734.86,0.4619
735.11,0.4626
735.36,0.4631
735.61,0.4636
735.86,0.4642
736.10,0.4643
736.34,0.4655
736.59,0.4657
736.83,0.4661
737.08,0.4671
737.32,0.4678
737.57,0.4681
737.82,0.4693
738.07,0.4690
738.33,0.4706
738.58,0.4713
738.83,0.4722
739.08,0.4725
739.32,0.4735
739.57,0.4740
739.82,0.4749
740.06,0.4757
740.31,0.4768
740.57,0.4779
740.82,0.4789
741.08,0.4797
741.34,0.4807
741.59,0.4815
741.85,0.4824
742.10,0.4832
742.35,0.4837
742.60,0.4843
742.85,0.4854
743.09,0.4860
743.33,0.4869
743.58,0.4874
743.82,0.4878
744.06,0.4888
744.31,0.4897
744.56,0.4903
744.81,0.4912
745.06,0.4922
745.31,0.4928
745.56,0.4939
745.81,0.4947
746.07,0.4964
746.32,0.4973
746.57,0.4984
746.81,0.4989
747.06,0.5001
747.31,0.5017
747.56,0.5023
747.81,0.5038
748.06,0.5047
748.31,0.5057
748.57,0.5066
748.82,0.5081
749.07,0.5084
749.33,0.5091
749.58,0.5094
749.83,0.5104
750.08,0.5107
750.33,0.5117
750.58,0.5124
750.83,0.5128
751.07,0.5139
751.33,0.5140
751.58,0.5143
751.84,0.5152
752.10,0.5159
752.35,0.5166
752.61,0.5176
752.87,0.5183
753.13,0.5193
753.39,0.5199
753.64,0.5199
753.88,0.5203
754.13,0.5201
754.37,0.5201
754.62,0.5201
754.86,0.5202
755.11,0.5195
755.36,0.5191
755.62,0.5193
755.87,0.5191
756.12,0.5192
756.38,0.5186
756.63,0.5182
756.88,0.5180
757.13,0.5179
757.37,0.5172
757.62,0.5167
757.86,0.5163
758.10,0.5162
758.35,0.5160
758.60,0.5159
758.85,0.5160
759.10,0.5151
759.36,0.5147
759.61,0.5144
759.87,0.5137
760.12,0.5140
760.38,0.5140
760.63,0.5136
760.88,0.5137
761.13,0.5132
761.37,0.5133
761.62,0.5127
761.87,0.5125
762.12,0.5126
762.37,0.5124
762.63,0.5122
762.88,0.5121
763.13,0.5119
763.38,0.5116
763.63,0.5107
763.89,0.5108
764.14,0.5102
764.38,0.5095
764.63,0.5091
764.87,0.5087
765.12,0.5086
765.37,0.5081
765.62,0.5079
765.88,0.5074
766.13,0.5077
766.39,0.5073
766.65,0.5075
766.90,0.5074
767.16,0.5080
767.41,0.5078
767.66,0.5078
767.90,0.5084
768.14,0.5082
768.38,0.5078
768.62,0.5082
768.87,0.5082
769.12,0.5079
769.37,0.5077
769.62,0.5071
769.88,0.5076
770.13,0.5074
770.39,0.5074
770.64,0.5072
770.90,0.5077
771.15,0.5071
771.40,0.5072
771.64,0.5070
771.89,0.5074
772.13,0.5071
772.37,0.5067
772.62,0.5070
772.86,0.5068
773.11,0.5060
773.36,0.5049
773.60,0.5045
773.85,0.5041
774.10,0.5036
774.35,0.5041
774.59,0.5030
774.84,0.5032
775.08,0.5032
775.32,0.5039
775.56,0.5042
775.80,0.5044
776.05,0.5046
776.30,0.5047
776.56,0.5055
776.81,0.5051
777.07,0.5058
777.33,0.5061
777.58,0.5067
777.84,0.5069
778.09,0.5071
778.35,0.5072
778.60,0.5072
778.84,0.5078
779.09,0.5081
779.33,0.5079
779.59,0.5079
779.84,0.5074
780.09,0.5079
780.34,0.5077
780.59,0.5076
780.84,0.5077
781.09,0.5071
781.34,0.5070
781.59,0.5068
781.84,0.5068
782.08,0.5068
782.32,0.5064
782.56,0.5057
782.80,0.5055
783.05,0.5052
783.30,0.5047
783.56,0.5048
783.81,0.5048
784.07,0.5046
784.32,0.5051
784.58,0.5051
784.83,0.5053
785.08,0.5056
785.33,0.5057
785.58,0.5056
785.82,0.5054
786.06,0.5050
786.30,0.5045
786.55,0.5054
786.80,0.5051
787.06,0.5054
787.31,0.5060
787.56,0.5063
787.82,0.5069
788.07,0.5068
788.33,0.5061
788.59,0.5061
788.84,0.5063
789.08,0.5067
789.32,0.5064
789.57,0.5063
789.81,0.5062
790.05,0.5064
790.30,0.5057
790.55,0.5056
790.80,0.5056
791.05,0.5046
791.30,0.5039
791.55,0.5032
791.80,0.5028
792.04,0.5020
792.28,0.5013
792.52,0.5011
792.76,0.5006
793.00,0.4994
793.23,0.4990
793.46,0.4986
793.70,0.4976
793.95,0.4971
794.20,0.4974
794.44,0.4970
794.68,0.4971
794.93,0.4970
795.18,0.4971
795.43,0.4969
795.68,0.4967
795.92,0.4969
796.16,0.4971
796.41,0.4975
796.65,0.4975
796.90,0.4978
797.15,0.4983
797.41,0.4985
797.66,0.4996
797.92,0.4998
798.18,0.5008
798.43,0.5013
798.69,0.5010
798.94,0.5019
799.19,0.5024
799.44,0.5028
799.68,0.5027
799.93,0.5026
800.17,0.5024
800.41,0.5023
800.65,0.5021
800.90,0.5012
801.15,0.5019
801.41,0.5018
801.66,0.5012
801.91,0.5009
802.16,0.5014
802.42,0.5013
802.67,0.5014
802.92,0.5017
803.17,0.5013
803.41,0.5020
803.65,0.5027
803.90,0.5030
804.14,0.5032
804.39,0.5031
804.64,0.5030
804.89,0.5027
805.14,0.5023
805.39,0.5024
805.64,0.5024
805.89,0.5019
806.15,0.5022
806.40,0.5021
806.64,0.5020
806.89,0.5020
807.13,0.5013
807.38,0.5007
807.62,0.5009
807.86,0.5004
808.11,0.4996
808.35,0.4993
808.60,0.4992
808.84,0.4985
809.09,0.4981
809.33,0.4974
809.58,0.4971
809.83,0.4966
810.08,0.4966
810.32,0.4967
810.57,0.4971
810.82,0.4967
811.06,0.4965
811.31,0.4965
811.56,0.4967
811.81,0.4973
812.07,0.4974
812.32,0.4974
812.58,0.4981
812.83,0.4988
813.08,0.4991
813.33,0.4991
813.58,0.4994
813.83,0.4992
814.07,0.4991
814.31,0.4990
814.55,0.4992
814.80,0.4989
815.05,0.4990
815.30,0.4988
815.56,0.4989
815.82,0.4986
816.07,0.4987
816.33,0.4978
816.59,0.4983
816.85,0.4975
817.10,0.4973
817.34,0.4977
817.59,0.4974
817.84,0.4976
818.08,0.4976
818.33,0.4971
818.58,0.4973
818.84,0.4966
819.09,0.4982
819.35,0.4990
819.61,0.5000
819.86,0.5005
820.12,0.5017
820.37,0.5020
820.62,0.5019
820.87,0.5021
821.11,0.5026
821.36,0.5025
821.60,0.5023
821.86,0.5027
822.12,0.5025
822.37,0.5023
822.62,0.5027
822.88,0.5026
823.14,0.5026
823.40,0.5028
823.66,0.5030
823.92,0.5028
824.17,0.5026
824.42,0.5026
824.67,0.5020
824.91,0.5018
825.16,0.5013
825.41,0.5013
825.66,0.5009
825.91,0.5008
826.16,0.5002
826.41,0.5004
826.66,0.4999
826.91,0.4990
827.17,0.4984
827.42,0.4982
827.66,0.4973
827.89,0.4972
828.13,0.4965
828.37,0.4956
828.60,0.4952
828.84,0.4949
829.09,0.4951
829.33,0.4945
829.57,0.4945
829.81,0.4942
830.06,0.4938
830.31,0.4932
830.55,0.4928
830.80,0.4926
831.04,0.4928
831.28,0.4927
831.53,0.4922
831.78,0.4919
832.02,0.4929
832.28,0.4935
832.53,0.4949
832.79,0.4957
833.05,0.4964
833.30,0.4966
833.56,0.4966
833.81,0.4969
834.06,0.4973
834.32,0.4976
834.56,0.4975
834.81,0.4971
835.05,0.4966
835.30,0.4961
835.54,0.4951
835.79,0.4951
836.04,0.4950
836.29,0.4951
836.53,0.4941
836.79,0.4937
837.03,0.4935
837.29,0.4937
837.54,0.4937
837.79,0.4936
838.04,0.4940
838.28,0.4944
838.53,0.4944
838.78,0.4943
839.02,0.4940
839.27,0.4943
839.53,0.4939
839.78,0.4936
840.02,0.4934
840.27,0.4930
840.51,0.4919
840.76,0.4918
841.01,0.4913
841.25,0.4915
841.49,0.4918
841.73,0.4912
841.97,0.4912
842.21,0.4910
842.46,0.4903
842.71,0.4905
842.96,0.4907
843.20,0.4904
843.46,0.4902
843.71,0.4904
843.96,0.4903
844.21,0.4900
844.47,0.4898
844.72,0.4897
844.96,0.4891
845.21,0.4887
845.45,0.4888
845.69,0.4886
845.93,0.4882
846.18,0.4881
846.42,0.4889
846.67,0.4883
846.92,0.4883
847.17,0.4877
847.42,0.4871
847.67,0.4876
847.92,0.4872
848.17,0.4869
848.42,0.4866
848.67,0.4865
848.91,0.4861
849.15,0.4859
849.39,0.4858
849.63,0.4855
849.88,0.4859
850.12,0.4862
850.37,0.4858
850.62,0.4852
850.87,0.4854
851.12,0.4854
851.37,0.4857
851.63,0.4859
851.88,0.4860
852.12,0.4860
852.37,0.4866
852.61,0.4864
852.86,0.4864
853.11,0.4860
853.36,0.4858
853.62,0.4858
853.87,0.4859
854.12,0.4853
854.38,0.4854
854.63,0.4853
854.88,0.4854
855.14,0.4850
855.39,0.4847
855.63,0.4850
855.87,0.4848
856.12,0.4853
856.36,0.4856
856.61,0.4850
856.86,0.4849
857.11,0.4849
857.37,0.4846
857.62,0.4840
857.87,0.4829
858.12,0.4833
858.38,0.4827
858.63,0.4824
858.88,0.4823
859.12,0.4821
859.36,0.4821
859.61,0.4821
859.85,0.4818
860.10,0.4816
860.35,0.4812
860.60,0.4807
860.84,0.4795
861.09,0.4783
861.34,0.4777
861.59,0.4773
861.84,0.4774
862.09,0.4769
862.33,0.4770
862.57,0.4771
862.82,0.4763
863.06,0.4759
863.30,0.4756
863.55,0.4752
863.79,0.4750
864.04,0.4746
864.29,0.4745
864.54,0.4752
864.79,0.4745
865.04,0.4746
865.29,0.4745
865.54,0.4745
865.79,0.4745
866.04,0.4740
866.28,0.4735
866.53,0.4733
866.78,0.4728
867.04,0.4732
867.29,0.4738
867.55,0.4739
867.81,0.4748
868.06,0.4743
868.32,0.4740
868.57,0.4733
868.83,0.4734
869.08,0.4723
869.32,0.4719
869.57,0.4702
869.81,0.4701
870.06,0.4695
870.31,0.4701
870.56,0.4710
870.82,0.4710
871.07,0.4702
871.32,0.4700
871.58,0.4706
871.84,0.4702
872.09,0.4700
872.35,0.4697
872.60,0.4691
872.84,0.4692
873.09,0.4684
873.34,0.4675
873.59,0.4674
873.83,0.4668
874.08,0.4670
874.33,0.4666
874.58,0.4662
874.83,0.4652
875.07,0.4648
875.32,0.4636
875.56,0.4627
875.82,0.4620
876.06,0.4620
876.31,0.4605
876.55,0.4602
876.80,0.4612
877.04,0.4608
877.29,0.4613
877.54,0.4615
877.78,0.4609
878.03,0.4595
878.27,0.4589
878.52,0.4575
878.76,0.4561
879.01,0.4542
879.25,0.4523
879.49,0.4511
879.73,0.4495
879.97,0.4490
880.20,0.4482
880.44,0.4478
880.68,0.4469
880.92,0.4468
881.17,0.4469
881.42,0.4463
881.67,0.4456
881.91,0.4460
882.16,0.4470
882.41,0.4475
882.67,0.4478
882.91,0.4472
883.15,0.4467
883.40,0.4458
883.64,0.4451
883.88,0.4445
884.13,0.4444
884.38,0.4441
884.63,0.4441
884.88,0.4435
885.13,0.4432
885.39,0.4429
885.64,0.4423
885.89,0.4426
886.14,0.4424
886.39,0.4421
886.63,0.4411
886.87,0.4401
887.11,0.4385
887.35,0.4371
887.59,0.4355
887.84,0.4345
888.09,0.4337
888.34,0.4332
888.59,0.4322
888.84,0.4316
889.09,0.4313
889.34,0.4314
889.60,0.4310
889.84,0.4304
890.09,0.4300
890.33,0.4296
890.57,0.4297
890.82,0.4291
891.07,0.4290
891.33,0.4288
891.58,0.4279
891.83,0.4280
892.09,0.4282
892.34,0.4276
892.59,0.4275
892.85,0.4268
893.10,0.4263
893.34,0.4255
893.59,0.4245
893.83,0.4234
894.07,0.4221
894.32,0.4209
894.57,0.4198
894.82,0.4183
895.08,0.4169
895.33,0.4160
895.59,0.4157
895.85,0.4155
896.10,0.4155
896.36,0.4149
896.60,0.4140
896.85,0.4121
897.09,0.4105
897.33,0.4086
897.57,0.4060
897.82,0.4044
898.07,0.4034
898.32,0.4026
898.56,0.4029
898.82,0.4027
899.07,0.4014
899.32,0.3994
899.57,0.3985
899.82,0.3976
900.07,0.3968
900.31,0.3965
900.55,0.3959
900.80,0.3955
901.04,0.3949
901.30,0.3942
901.55,0.3938
901.80,0.3934
902.05,0.3932
902.31,0.3923
902.56,0.3923
902.82,0.3908
903.07,0.3895
903.32,0.3886
903.57,0.3872
903.81,0.3864
904.06,0.3857
904.30,0.3847
904.55,0.3839
904.81,0.3827
905.06,0.3826
905.30,0.3819
905.55,0.3811
905.80,0.3797
906.05,0.3776
906.30,0.3756
906.55,0.3741
906.79,0.3720
907.03,0.3703
907.27,0.3680
907.52,0.3671
907.76,0.3667
908.01,0.3656
908.27,0.3648
908.52,0.3643
908.77,0.3634
909.02,0.3627
909.28,0.3618
909.53,0.3610
909.79,0.3597
910.04,0.3587
910.29,0.3577
910.53,0.3563
910.77,0.3558
911.02,0.3553
911.26,0.3532
911.52,0.3524
911.77,0.3507
912.03,0.3491
912.29,0.3480
912.55,0.3472
912.80,0.3472
913.07,0.3479
913.33,0.3477
913.59,0.3457
913.84,0.3446
914.08,0.3437
914.33,0.3420
914.57,0.3396
914.82,0.3376
915.08,0.3359
915.33,0.3343
915.58,0.3326
915.83,0.3305
916.09,0.3301
916.34,0.3293
916.59,0.3275
916.84,0.3257
917.08,0.3233
917.32,0.3201
917.56,0.3165
917.80,0.3140
918.03,0.3119
918.28,0.3100
918.52,0.3075
918.77,0.3057
919.02,0.3036
919.28,0.3013
919.53,0.3000
919.79,0.2987
920.05,0.2981
920.31,0.2978
920.56,0.2966
920.82,0.2945
921.07,0.2940
921.32,0.2927
921.58,0.2916
921.84,0.2892
922.10,0.2863
922.35,0.2851
922.61,0.2840
922.86,0.2832
923.12,0.2815
923.38,0.2797
923.63,0.2777
923.88,0.2756
924.12,0.2730
924.35,0.2703
924.59,0.2675
924.83,0.2647
925.08,0.2611
925.32,0.2582
925.57,0.2563
925.82,0.2521
926.07,0.2479
926.32,0.2440
926.57,0.2420
926.82,0.2402
927.07,0.2371
927.31,0.2330
927.55,0.2292
927.79,0.2250
928.03,0.2228
928.28,0.2215
928.53,0.2205
928.77,0.2174
929.02,0.2147
929.28,0.2117
929.53,0.2091
929.79,0.2060
930.04,0.2028
930.30,0.2003
930.54,0.1981
930.79,0.1954
931.04,0.1931
931.28,0.1902
931.53,0.1863
931.78,0.1826
932.03,0.1773
932.29,0.1741
932.54,0.1706
932.79,0.1676
933.04,0.1630
933.29,0.1576
933.54,0.1513
933.79,0.1467
934.02,0.1427
934.26,0.1384
934.50,0.1348
934.74,0.1303
934.99,0.1266
935.24,0.1223
935.49,0.1193
935.75,0.1162
936.01,0.1135
936.27,0.1102
936.52,0.1058
936.78,0.1012
937.05,0.0962
937.29,0.0906
937.54,0.0879
937.79,0.0828
938.04,0.0775
938.29,0.0721
938.54,0.0666
938.80,0.0623
939.06,0.0563
939.31,0.0503
939.57,0.0443
939.82,0.0386
940.08,0.0323
940.33,0.0255
940.58,0.0191
940.83,0.0126
941.07,0.0054
941.31,-0.002
941.55,-0.008
941.79,-0.016
942.04,-0.023
942.29,-0.031
942.53,-0.038
942.78,-0.045
943.03,-0.051
943.28,-0.058
943.54,-0.065
943.79,-0.072
944.04,-0.079
944.28,-0.085
944.53,-0.093
944.78,-0.101
945.03,-0.109
945.28,-0.118
945.54,-0.127
945.79,-0.136
946.05,-0.145
946.30,-0.154
946.56,-0.163
946.82,-0.172
947.07,-0.182
947.32,-0.193
947.57,-0.204
947.82,-0.214
948.06,-0.226
948.31,-0.237
948.57,-0.249
948.82,-0.261
949.08,-0.273
949.33,-0.286
949.59,-0.298
949.85,-0.31
950.11,-0.323
950.36,-0.337
950.61,-0.351
950.86,-0.365
951.10,-0.38
951.35,-0.395
951.60,-0.41
951.86,-0.423
952.11,-0.437
952.37,-0.453
952.62,-0.468
952.88,-0.485
953.13,-0.501
953.39,-0.519
953.64,-0.535
953.88,-0.553
954.13,-0.57
954.37,-0.589
954.61,-0.609
954.85,-0.628
955.10,-0.646
955.34,-0.665
955.59,-0.682
955.84,-0.7
956.08,-0.719
956.33,-0.738
956.58,-0.757
956.82,-0.777
957.07,-0.796
957.32,-0.814
957.56,-0.832
957.80,-0.849
958.04,-0.866
958.29,-0.881
958.55,-0.897
958.81,-0.912
959.06,-0.926
959.32,-0.94
959.58,-0.954
959.84,-0.967
960.09,-0.98
960.35,-0.993
960.59,-1.005
960.84,-1.017
961.08,-1.029
961.32,-1.04
961.56,-1.05
961.80,-1.057
962.05,-1.063
962.30,-1.067
962.56,-1.071
962.81,-1.073
963.07,-1.073
963.32,-1.071
963.58,-1.069
963.84,-1.066
964.09,-1.061
964.34,-1.055
964.58,-1.049
964.83,-1.041
965.07,-1.031
965.32,-1.02
965.57,-1.007
965.81,-0.992
966.05,-0.975
966.29,-0.956
966.54,-0.935
966.78,-0.913
967.03,-0.889
967.27,-0.864
967.50,-0.838
967.73,-0.809
967.97,-0.78
968.21,-0.752
968.44,-0.723
968.68,-0.693
968.92,-0.662
969.16,-0.631
969.40,-0.6
969.65,-0.569
969.90,-0.537
970.15,-0.504
970.40,-0.472
970.64,-0.44
970.89,-0.408
971.13,-0.377
971.37,-0.345
971.62,-0.315
971.87,-0.286
972.11,-0.258
972.36,-0.229
972.61,-0.201
972.86,-0.172
973.10,-0.145
973.35,-0.118
973.59,-0.092
973.84,-0.069
974.08,-0.045
974.31,-0.02
974.55,0.0026
974.78,0.0256
975.01,0.0480
975.25,0.0690
975.50,0.0879
975.74,0.1070
975.99,0.1252
976.24,0.1431
976.49,0.1610
976.74,0.1777
977.00,0.1943
977.25,0.2097
977.50,0.2229
977.74,0.2355
977.98,0.2483
978.22,0.2599
978.46,0.2714
978.71,0.2825
978.95,0.2929
979.20,0.3018
979.45,0.3082
979.70,0.3150
979.96,0.3207
980.21,0.3272
980.46,0.3343
980.71,0.3427
980.95,0.3495
981.20,0.3549
981.46,0.3584
981.71,0.3618
981.96,0.3650
982.21,0.3693
982.46,0.3738
982.71,0.3775
982.97,0.3800
983.22,0.3813
983.47,0.3832
983.71,0.3856
983.96,0.3881
984.19,0.3900
984.43,0.3905
984.67,0.3905
984.91,0.3924
985.16,0.3951
985.41,0.3971
985.66,0.3985
985.91,0.4002
986.16,0.4020
986.42,0.4028
986.67,0.4034
986.93,0.4037
987.19,0.4041
987.43,0.4050
987.68,0.4062
987.93,0.4075
988.18,0.4086
988.43,0.4093
988.68,0.4095
988.93,0.4085
989.19,0.4080
989.44,0.4082
989.69,0.4095
989.94,0.4106
990.19,0.4102
990.45,0.4100
990.70,0.4095
990.95,0.4107
991.19,0.4115
991.44,0.4129
991.69,0.4130
991.94,0.4124
992.20,0.4112
992.45,0.4100
992.70,0.4090
992.94,0.4095
993.19,0.4095
993.44,0.4093
993.69,0.4084
993.94,0.4076
994.18,0.4080
994.41,0.4088
994.65,0.4092
994.89,0.4083
995.14,0.4083
995.38,0.4079
995.63,0.4073
995.89,0.4070
996.14,0.4084
996.40,0.4093
996.66,0.4106
996.92,0.4126
997.18,0.4143
997.43,0.4156
997.68,0.4157
997.93,0.4160
998.18,0.4156
998.43,0.4148
998.68,0.4148
998.93,0.4139
999.18,0.4132
999.43,0.4122
999.68,0.4115
999.94,0.4117
1000.20,0.4117
1000.40,0.4117
1000.70,0.4130
1000.90,0.4138
1001.20,0.4127
1001.40,0.4126
1001.70,0.4122
1001.90,0.4119
1002.20,0.4121
1002.40,0.4135
1002.70,0.4143
1002.90,0.4145
1003.20,0.4147
1003.40,0.4138
1003.70,0.4126
1003.90,0.4102
1004.20,0.4096
1004.40,0.4098
1004.70,0.4111
1004.90,0.4112
1005.10,0.4101
1005.40,0.4094
1005.60,0.4089
1005.90,0.4093
1006.10,0.4086
1006.40,0.4079
1006.60,0.4079
1006.90,0.4089
1007.10,0.4101
1007.40,0.4112
1007.60,0.4120
1007.90,0.4126
1008.10,0.4125
1008.40,0.4128
1008.60,0.4116
1008.90,0.4118
1009.10,0.4131
1009.40,0.4139
1009.60,0.4148
1009.90,0.4141
1010.20,0.4140
1010.40,0.4138
1010.70,0.4135
1010.90,0.4134
1011.10,0.4138
1011.40,0.4148
1011.70,0.4154
1011.90,0.4144
1012.20,0.4129
1012.40,0.4126
1012.70,0.4122
1012.90,0.4118
1013.20,0.4110
1013.40,0.4101
1013.70,0.4095
1013.90,0.4086
1014.10,0.4082
1014.40,0.4080
1014.60,0.4088
1014.90,0.4092
1015.10,0.4107
1015.40,0.4102
1015.60,0.4098
1015.90,0.4091
1016.10,0.4076
1016.40,0.4063
1016.60,0.4057
1016.90,0.4059
1017.10,0.4074
1017.40,0.4103
1017.60,0.4128
1017.90,0.4137
1018.10,0.4128
1018.40,0.4121
1018.70,0.4113
1018.90,0.4115
1019.20,0.4122
1019.40,0.4117
1019.70,0.4110
1019.90,0.4090
1020.20,0.4075
1020.40,0.4079
1020.60,0.4091
1020.90,0.4098
1021.10,0.4093
1021.40,0.4087
1021.60,0.4094
1021.90,0.4100
1022.10,0.4108
1022.40,0.4112
1022.70,0.4111
1022.90,0.4093
1023.20,0.4069
1023.40,0.4057
1023.60,0.4061
1023.90,0.4057
1024.10,0.4046
1024.30,0.4039
1024.60,0.4039
1024.80,0.4051
1025.10,0.4044
1025.30,0.4038
1025.60,0.4030
1025.80,0.4028
1026.10,0.4032
1026.30,0.4042
1026.60,0.4061
1026.80,0.4082
1027.10,0.4100
1027.30,0.4100
1027.60,0.4103
1027.80,0.4096
1028.00,0.4088
1028.30,0.4073
1028.50,0.4071
1028.80,0.4076
1029.00,0.4072
1029.30,0.4061
1029.50,0.4069
1029.80,0.4082
1030.00,0.4091
1030.30,0.4091
1030.50,0.4096
1030.80,0.4089
1031.00,0.4088
1031.30,0.4092
1031.50,0.4090
1031.80,0.4074
1032.00,0.4066
1032.30,0.4060
1032.50,0.4056
1032.80,0.4057
1033.00,0.4063
1033.30,0.4064
1033.50,0.4074
1033.70,0.4082
1034.00,0.4078
1034.20,0.4073
1034.50,0.4082
1034.80,0.4088
1035.00,0.4089
1035.30,0.4070
1035.50,0.4060
1035.80,0.4052
1036.00,0.4051
1036.30,0.4055
1036.50,0.4056
1036.80,0.4061
1037.00,0.4075
1037.30,0.4076
1037.50,0.4081
1037.80,0.4084
1038.00,0.4099
1038.30,0.4109
1038.60,0.4112
1038.80,0.4113
1039.10,0.4114
1039.30,0.4103
1039.60,0.4089
1039.80,0.4074
1040.10,0.4063
1040.30,0.4067
1040.60,0.4065
1040.80,0.4074
1041.10,0.4080
1041.30,0.4084
1041.60,0.4077
1041.80,0.4051
1042.10,0.4042
1042.30,0.4031
1042.60,0.4019
1042.80,0.4008
1043.10,0.4005
1043.30,0.4001
1043.50,0.4005
1043.80,0.4007
1044.00,0.4015
1044.30,0.4014
1044.50,0.4013
1044.80,0.4007
1045.00,0.4019
1045.30,0.4032
1045.50,0.4027
1045.80,0.4027
1046.10,0.4034
1046.30,0.4057
1046.60,0.4071
1046.80,0.4066
1047.10,0.4066
1047.30,0.4063
1047.60,0.4068
1047.80,0.4075
1048.10,0.4075
1048.30,0.4073
1048.60,0.4065
1048.90,0.4058
1049.10,0.4055
1049.40,0.4043
1049.60,0.4027
1049.80,0.4023
1050.10,0.4031
1050.30,0.4037
1050.60,0.4041
1050.80,0.4033
1051.00,0.4006
1051.30,0.3983
1051.50,0.3980
1051.80,0.3979
1052.00,0.3986
1052.30,0.3986
1052.60,0.3987
1052.80,0.4002
1053.10,0.4019
1053.30,0.4019
1053.50,0.4018
1053.80,0.4024
1054.00,0.4034
1054.30,0.4023
1054.50,0.4005
1054.80,0.3989
1055.00,0.3977
1055.30,0.3977
1055.50,0.3981
1055.80,0.3977
1056.00,0.3986
1056.30,0.4013
1056.50,0.4019
1056.80,0.4018
1057.00,0.4014
1057.30,0.4018
1057.60,0.4019
1057.80,0.4022
1058.10,0.4023
1058.30,0.4040
1058.60,0.4042
1058.80,0.4054
1059.10,0.4055
1059.30,0.4044
1059.60,0.4028
1059.80,0.4003
1060.10,0.3989
1060.30,0.3977
1060.60,0.3969
1060.80,0.3956
1061.10,0.3942
1061.30,0.3957
1061.60,0.3989
1061.80,0.4009
1062.10,0.3997
1062.40,0.3990
1062.60,0.3995
1062.80,0.3995
1063.10,0.4002
1063.30,0.4006
1063.60,0.4005
1063.80,0.4008
1064.10,0.4004
1064.30,0.3993
1064.60,0.3980
1064.90,0.3973
1065.10,0.3969
1065.40,0.3965
1065.60,0.3978
1065.90,0.3985
1066.10,0.3996
1066.40,0.4004
1066.60,0.3987
1066.90,0.3966
1067.10,0.3949
1067.40,0.3938
1067.60,0.3951
1067.90,0.3949
1068.10,0.3936
1068.30,0.3922
1068.60,0.3914
1068.80,0.3922
1069.10,0.3942
1069.30,0.3942
1069.60,0.3942
1069.80,0.3946
1070.10,0.3956
1070.30,0.3964
1070.60,0.3993
1070.90,0.4015
1071.10,0.4019
1071.40,0.4017
1071.70,0.4029
1071.90,0.4036
1072.20,0.4038
1072.50,0.4029
1072.70,0.4023
1072.90,0.4009
1073.20,0.4001
1073.40,0.3976
1073.70,0.3952
1073.90,0.3933
1074.20,0.3923
1074.40,0.3940
1074.60,0.3951
1074.90,0.3960
1075.10,0.3960
1075.40,0.3944
1075.60,0.3936
1075.90,0.3955
1076.10,0.3973
1076.30,0.3962
1076.60,0.3929
1076.80,0.3910
1077.10,0.3910
1077.30,0.3920
1077.60,0.3927
1077.80,0.3924
1078.10,0.3928
1078.30,0.3959
1078.60,0.3968
1078.90,0.3982
1079.10,0.3998
1079.30,0.4003
1079.60,0.3991
1079.80,0.3981
1080.10,0.3968
1080.40,0.3945
1080.60,0.3943
1080.90,0.3946
1081.10,0.3971
1081.40,0.3992
1081.60,0.3991
1081.90,0.3990
1082.10,0.3981
1082.40,0.3972
1082.60,0.3957
1082.90,0.3927
1083.10,0.3903
1083.40,0.3901
1083.60,0.3920
1083.80,0.3931
1084.10,0.3927
1084.30,0.3899
1084.60,0.3877
1084.80,0.3868
1085.10,0.3869
1085.30,0.3889
1085.50,0.3896
1085.80,0.3913
1086.00,0.3928
1086.30,0.3930
1086.50,0.3940
1086.80,0.3947
1087.10,0.3966
1087.30,0.3987
1087.60,0.3983
1087.80,0.3971
1088.10,0.3961
1088.30,0.3956
1088.60,0.3961
1088.80,0.3963
1089.10,0.3962
1089.30,0.3960
1089.60,0.3961
1089.80,0.3958
1090.10,0.3933
1090.30,0.3913
1090.60,0.3916
1090.80,0.3933
1091.10,0.3944
1091.30,0.3948
1091.60,0.3941
1091.80,0.3930
1092.10,0.3917
1092.30,0.3911
1092.60,0.3921
1092.80,0.3930
1093.10,0.3922
1093.30,0.3911
1093.50,0.3902
1093.80,0.3884
1094.00,0.3879
1094.30,0.3871
1094.50,0.3860
1094.80,0.3861
1095.00,0.3860
1095.20,0.3863
1095.50,0.3864
1095.70,0.3876
1096.00,0.3910
1096.30,0.3945
1096.50,0.3946
1096.80,0.3930
1097.00,0.3925
1097.30,0.3930
1097.50,0.3928
1097.80,0.3917
1098.00,0.3897
1098.30,0.3885
1098.50,0.3880
1098.70,0.3897
1099.00,0.3907
1099.20,0.3904
1099.50,0.3902
1099.80,0.3908
1100.00,0.3906
1100.30,0.3897
1100.50,0.3908
1100.80,0.3925
1101.00,0.3926
1101.30,0.3924
1101.50,0.3918
1101.70,0.3905
1102.00,0.3880
1102.20,0.3856
1102.40,0.3849
1102.70,0.3858
1102.90,0.3857
1103.20,0.3852
1103.40,0.3851
1103.70,0.3845
1103.90,0.3856
1104.20,0.3874
1104.50,0.3880
1104.70,0.3888
1105.00,0.3908
1105.20,0.3922
1105.50,0.3929
1105.70,0.3933
1106.00,0.3917
1106.20,0.3897
1106.50,0.3897
1106.70,0.3903
1107.00,0.3905
1107.20,0.3903
1107.50,0.3899
1107.70,0.3875
1108.00,0.3855
1108.20,0.3848
1108.50,0.3857
1108.70,0.3881
1109.00,0.3908
1109.30,0.3905
1109.50,0.3899
1109.80,0.3896
1110.00,0.3897
1110.30,0.3910
1110.50,0.3908
1110.80,0.3902
1111.00,0.3889
1111.20,0.3869
1111.50,0.3846
1111.70,0.3853
1112.00,0.3871
1112.20,0.3879
1112.50,0.3876
1112.70,0.3866
1113.00,0.3856
1113.20,0.3852
1113.50,0.3849
1113.70,0.3852
1114.00,0.3845
1114.20,0.3856
1114.50,0.3870
1114.70,0.3876
1115.00,0.3889
1115.20,0.3884
1115.50,0.3873
1115.70,0.3859
1116.00,0.3833
1116.20,0.3840
1116.50,0.3856
1116.80,0.3877
1117.00,0.3880
1117.30,0.3884
1117.50,0.3888
1117.80,0.3889
1118.00,0.3903
1118.30,0.3902
1118.50,0.3888
1118.80,0.3894
1119.00,0.3875
1119.30,0.3847
1119.50,0.3823
1119.80,0.3811
1120.00,0.3813
1120.30,0.3826
1120.50,0.3845
1120.80,0.3861
1121.00,0.3854
1121.20,0.3855
1121.50,0.3854
1121.70,0.3852
1122.00,0.3843
1122.20,0.3853
1122.50,0.3867
1122.80,0.3863
1123.00,0.3856
1123.30,0.3851
1123.50,0.3848
1123.80,0.3848
1124.00,0.3844
1124.20,0.3849
1124.50,0.3842
1124.70,0.3831
1125.00,0.3823
1125.20,0.3819
1125.40,0.3822
1125.70,0.3830
1125.90,0.3827
1126.20,0.3820
1126.50,0.3821
1126.70,0.3830
1126.90,0.3852
1127.20,0.3869
1127.40,0.3877
1127.70,0.3875
1127.90,0.3872
1128.20,0.3873
1128.40,0.3867
1128.70,0.3864
1128.90,0.3858
1129.20,0.3842
1129.40,0.3835
1129.70,0.3811
1129.90,0.3805
1130.20,0.3820
1130.40,0.3847
1130.60,0.3867
1130.90,0.3876
1131.20,0.3872
1131.40,0.3854
1131.70,0.3842
1131.90,0.3835
1132.10,0.3830
1132.40,0.3820
1132.60,0.3819
1132.90,0.3823
1133.10,0.3826
1133.40,0.3803
1133.60,0.3787
1133.80,0.3780
1134.10,0.3800
1134.30,0.3812
1134.60,0.3807
1134.80,0.3809
1135.10,0.3836
1135.30,0.3852
1135.60,0.3842
1135.90,0.3806
1136.10,0.3790
1136.30,0.3798
1136.60,0.3828
1136.80,0.3844
1137.10,0.3847
1137.30,0.3832
1137.60,0.3816
1137.80,0.3806
1138.10,0.3809
1138.30,0.3809
1138.60,0.3806
1138.80,0.3806
1139.10,0.3802
1139.30,0.3797
1139.60,0.3803
1139.80,0.3813
1140.10,0.3826
1140.30,0.3829
1140.60,0.3848
1140.80,0.3857
1141.10,0.3863
1141.40,0.3839
1141.60,0.3805
1141.90,0.3798
1142.10,0.3807
1142.30,0.3816
1142.60,0.3817
1142.80,0.3799
1143.10,0.3794
1143.30,0.3787
1143.50,0.3771
1143.80,0.3758
1144.00,0.3766
1144.30,0.3769
1144.50,0.3772
1144.80,0.3772
1145.00,0.3784
1145.30,0.3803
1145.60,0.3799
1145.80,0.3787
1146.10,0.3787
1146.30,0.3806
1146.60,0.3821
1146.80,0.3838
1147.10,0.3841
1147.40,0.3830
1147.60,0.3815
1147.90,0.3809
1148.10,0.3790
1148.40,0.3775
1148.60,0.3770
1148.90,0.3772
1149.10,0.3776
1149.30,0.3772
1149.60,0.3771
1149.80,0.3789
1150.10,0.3793
1150.30,0.3777
1150.60,0.3776
1150.80,0.3782
1151.10,0.3784
1151.30,0.3770
1151.60,0.3749
1151.80,0.3737
1152.10,0.3732
1152.30,0.3729
1152.50,0.3733
1152.80,0.3736
1153.00,0.3745
1153.30,0.3748
1153.50,0.3761
1153.80,0.3778
1154.10,0.3774
1154.30,0.3782
1154.60,0.3785
1154.80,0.3762
1155.10,0.3745
1155.30,0.3762
1155.60,0.3794
1155.80,0.3804
1156.10,0.3782
1156.40,0.3769
1156.60,0.3779
1156.90,0.3790
1157.10,0.3796
1157.40,0.3804
1157.60,0.3787
1157.90,0.3754
1158.10,0.3740
1158.40,0.3758
1158.60,0.3754
1158.80,0.3736
1159.10,0.3713
1159.30,0.3726
1159.60,0.3760
1159.80,0.3770
1160.10,0.3745
1160.30,0.3738
1160.60,0.3733
1160.90,0.3718
1161.10,0.3709
1161.30,0.3713
1161.60,0.3716
1161.80,0.3713
1162.10,0.3708
1162.30,0.3703
1162.60,0.3710
1162.80,0.3715
1163.10,0.3708
1163.30,0.3722
1163.60,0.3766
1163.80,0.3794
1164.10,0.3786
1164.30,0.3752
1164.60,0.3727
1164.80,0.3735
1165.10,0.3743
1165.30,0.3745
1165.60,0.3723
1165.80,0.3726
1166.10,0.3746
1166.30,0.3754
1166.60,0.3748
1166.80,0.3730
1167.10,0.3710
1167.30,0.3684
1167.60,0.3663
1167.80,0.3662
1168.10,0.3669
1168.30,0.3676
1168.50,0.3678
1168.80,0.3675
1169.10,0.3658
1169.30,0.3657
1169.60,0.3665
1169.80,0.3700
1170.10,0.3725
1170.30,0.3744
1170.60,0.3735
1170.90,0.3719
1171.10,0.3726
1171.40,0.3729
1171.60,0.3708
1171.90,0.3694
1172.10,0.3703
1172.40,0.3711
1172.60,0.3710
1172.90,0.3698
1173.10,0.3681
1173.40,0.3678
1173.60,0.3691
1173.90,0.3700
1174.10,0.3699
1174.30,0.3691
1174.60,0.3683
1174.80,0.3672
1175.10,0.3660
1175.30,0.3673
1175.60,0.3664
1175.80,0.3643
1176.10,0.3633
1176.30,0.3629
1176.60,0.3626
1176.80,0.3638
1177.00,0.3645
1177.30,0.3631
1177.50,0.3640
1177.80,0.3661
1178.00,0.3660
1178.30,0.3621
1178.50,0.3614
1178.80,0.3662
1179.00,0.3690
1179.30,0.3681
1179.50,0.3676
1179.80,0.3673
1180.00,0.3670
1180.30,0.3661
1180.50,0.3649
1180.80,0.3623
1181.00,0.3617
1181.20,0.3625
1181.50,0.3620
1181.70,0.3624
1182.00,0.3633
1182.20,0.3610
1182.50,0.3591
1182.70,0.3582
1183.00,0.3592
1183.20,0.3584
1183.50,0.3595
1183.70,0.3616
1183.90,0.3627
1184.20,0.3635
1184.40,0.3616
1184.70,0.3574
1184.90,0.3555
1185.10,0.3574
1185.40,0.3579
1185.60,0.3574
1185.90,0.3561
1186.10,0.3562
1186.40,0.3570
1186.60,0.3575
1186.90,0.3581
1187.10,0.3600
1187.40,0.3599
1187.60,0.3588
1187.80,0.3583
1188.10,0.3581
1188.30,0.3574
1188.60,0.3572
1188.80,0.3581
1189.10,0.3598
1189.40,0.3606
1189.60,0.3583
1189.90,0.3581
1190.10,0.3614
1190.30,0.3635
1190.60,0.3629
1190.90,0.3616
1191.10,0.3604
1191.40,0.3599
1191.60,0.3593
1191.90,0.3573
1192.10,0.3561
1192.40,0.3578
1192.60,0.3595
1192.80,0.3576
1193.10,0.3546
1193.30,0.3527
1193.50,0.3533
1193.80,0.3554
1194.00,0.3550
1194.30,0.3551
1194.50,0.3561
1194.80,0.3563
1195.00,0.3551
1195.30,0.3543
1195.60,0.3538
1195.80,0.3562
1196.00,0.3573
1196.30,0.3577
1196.50,0.3589
1196.80,0.3570
1197.00,0.3542
1197.30,0.3556
1197.60,0.3575
1197.80,0.3563
1198.10,0.3528
1198.30,0.3523
1198.60,0.3553
1198.80,0.3591
1199.10,0.3605
1199.30,0.3620
1199.60,0.3618
1199.80,0.3613
